Division,Party
1,Green
2,Conservative
3,Green
4,New Democratic
5,Other
6,Liberal
7,Bloc Québécois
8,New Democratic
9,Conservative
10,Liberal
11,Green
12,Other
13,Bloc Québécois
14,New Democratic
15,Other
16,Other
17,New Democratic
18,Other
19,New Democratic
20,Bloc Québécois
21,Other
22,New Democratic
23,New Democratic
24,New Democratic
25,New Democratic
26,Conservative
27,Conservative
28,New Democratic
29,Other
30,Conservative
31,Bloc Québécois
32,Conservative
33,Bloc Québécois
34,New Democratic
35,Green
36,Other
37,New Democratic
38,Green
39,Conservative
40,Other
41,Green
42,Bloc Québécois
43,Liberal
44,Liberal
45,Bloc Québécois
46,Liberal
47,Other
48,Liberal
49,Bloc Québécois
50,Bloc Québécois
51,Green
52,Green
53,Liberal
54,New Democratic
55,Conservative
56,Green
57,Green
58,New Democratic
59,New Democratic
60,New Democratic
61,Other
62,Bloc Québécois
63,New Democratic
64,Conservative
65,Liberal
66,New Democratic
67,Bloc Québécois
68,Liberal
69,New Democratic
70,Bloc Québécois
71,Other
72,Liberal
73,Bloc Québécois
74,Liberal
75,Liberal
76,Green
77,Liberal
78,Other
79,Conservative
80,Liberal
81,New Democratic
82,Other
83,Conservative
84,Other
85,Green
86,Bloc Québécois
87,Other
88,New Democratic
89,Other
90,Green
91,Conservative
92,Other
93,Bloc Québécois
94,Other
95,New Democratic
96,Other
97,Bloc Québécois
98,Other
99,Green
100,Conservative
101,Bloc Québécois
102,Green
103,Conservative
104,Conservative
105,Green
106,Conservative
107,Conservative
108,New Democratic
109,Bloc Québécois
110,Bloc Québécois
111,Liberal
112,Bloc Québécois
113,Conservative
114,Liberal
115,Conservative
116,Other
117,New Democratic
118,Liberal
119,New Democratic
120,New Democratic
121,New Democratic
122,New Democratic
123,Bloc Québécois
124,Other
125,Liberal
126,Bloc Québécois
127,Bloc Québécois
128,Bloc Québécois
129,Liberal
130,New Democratic
131,New Democratic
132,New Democratic
133,Conservative
134,Conservative
135,New Democratic
136,Other
137,Other
138,New Democratic
139,Liberal
140,New Democratic
141,Other
142,Bloc Québécois
143,New Democratic
144,Other
145,Conservative
146,Other
147,Liberal
148,Other
149,Other
150,Bloc Québécois
151,New Democratic
152,Liberal
153,Bloc Québécois
154,New Democratic
155,Conservative
156,New Democratic
157,Green
158,Other
159,Green
160,Green
161,Conservative
162,Other
163,Green
164,Conservative
165,Green
166,Conservative
167,New Democratic
168,Green
169,Green
170,Liberal
171,New Democratic
172,Conservative
173,Other
174,Liberal
175,New Democratic
176,Bloc Québécois
177,Green
178,Green
179,Other
180,Conservative
181,Other
182,Green
183,New Democratic
184,New Democratic
185,New Democratic
186,Bloc Québécois
187,Green
188,Other
189,Liberal
190,Green
191,Liberal
192,Other
193,New Democratic
194,Bloc Québécois
195,Bloc Québécois
196,Conservative
197,New Democratic
198,Conservative
199,Conservative
200,Green
201,New Democratic
202,Bloc Québécois
203,New Democratic
204,Bloc Québécois
205,Conservative
206,Green
207,Green
208,Green
209,New Democratic
210,Other
211,Green
212,Liberal
213,Other
214,Green
215,Liberal
216,Other
217,Other
218,Conservative
219,Other
220,Bloc Québécois
221,Other
222,Liberal
223,New Democratic
224,Conservative
225,Conservative
226,Liberal
227,Green
228,Green
229,Other
230,New Democratic
231,Green
232,Bloc Québécois
233,Other
234,New Democratic
235,Other
236,Green
237,New Democratic
238,Liberal
239,Other
240,Other
241,Conservative
242,Liberal
243,Liberal
244,Green
245,Other
246,Conservative
247,Other
248,Conservative
249,Green
250,Liberal
251,New Democratic
252,Bloc Québécois
253,Bloc Québécois
254,Green
255,Liberal
256,Conservative
257,Conservative
258,Green
259,Green
260,New Democratic
261,Bloc Québécois
262,Other
263,Green
264,Other
265,Liberal
266,Liberal
267,New Democratic
268,Other
269,Green
270,Liberal
271,Other
272,Liberal
273,Green
274,Conservative
275,Liberal
276,New Democratic
277,New Democratic
278,New Democratic
279,Bloc Québécois
280,Green
281,New Democratic
282,Conservative
283,Other
284,New Democratic
285,Conservative
286,Conservative
287,New Democratic
288,New Democratic
289,Green
290,New Democratic
291,New Democratic
292,Green
293,Bloc Québécois
294,New Democratic
295,Other
296,New Democratic
297,New Democratic
298,Bloc Québécois
299,Other
300,New Democratic
301,Bloc Québécois
302,Green
303,New Democratic
304,Bloc Québécois
305,Bloc Québécois
306,New Democratic
307,New Democratic
308,Green
309,Other
310,Liberal
311,Bloc Québécois
312,Liberal
313,Other
314,Green
315,Conservative
316,Other
317,Other
318,Green
319,Other
320,Bloc Québécois
321,New Democratic
322,Bloc Québécois
323,Other
324,Green
325,Bloc Québécois
326,Bloc Québécois
327,New Democratic
328,Green
329,Conservative
330,Conservative
331,Liberal
332,Bloc Québécois
333,Liberal
334,Other
335,New Democratic
336,Bloc Québécois
337,Bloc Québécois
338,Green
